Sample_Code,Layer_Count,Mxene_Rate,Layer1_B4C_Rate,Layer2_B4C_Rate,Layer3_B4C_Rate,Layer4_B4C_Rate,Layer5_B4C_Rate,Layer6_B4C_Rate,Layer7_B4C_Rate,MA_Time_h,Pressure_MPa,Sinter_Time_min,Sinter_Temp_C,Max_Compressive_Load_N,Max_Deformation_mm,Max_Compressive_Strength_MPa,Max_Strain_Percent,Toughness_MJ_m3,Sintered_Density_g_cm3,Hardness_HB,Green_Density_g_cm3,Sample_Code_Normalized,Process_Type,Layer_Count_from_code,Mxene_Rate_from_code,B4C_Outer_wt,Is_FGM,B4C_Center_wt,B4C_Mean_wt,B4C_Gradient_wt,Phase
1K SAF,1,0%,,,,,,,,3,500,180,590,21327.0678,2.943039624,138.5414304,11.7721585,12.39291523,2.265332,81.4,2.390362714,1K SAF,Single_Layer,1.0,0.0,0.0,False,,,,2
1K 5B,1,0%,,,,,,,,3,500,180,590,31540.67079,3.591476472,204.8893776,14.36590589,21.11424116,2.5026755,99.2,2.407777079,1K 5B,Single_Layer,1.0,0.0,5.0,False,,,,2
1K 10B,1,0%,,,,,,,,3,500,180,590,31302.31011,3.380028518,203.3409777,13.52011407,19.98255463,2.498554,103.4,2.37404468,1K 10B,Single_Layer,1.0,0.0,10.0,False,,,,2
1K 15B,1,0%,,,,,,,,3,500,180,590,33487.36915,2.579375625,217.535203,10.3175025,17.30912075,2.432014,98.8,2.358154853,1K 15B,Single_Layer,1.0,0.0,15.0,False,,,,2
3K-0X,3,0%,,,,,,,,3,500,180,590,47017.52376,3.684968154,305.4275936,14.73987261,33.18963161,2.467797,104.2,2.321709867,3K-0X,FGM,3.0,0.0,5.0,True,,,,2
5K-0X,5,0%,,,,,,,,3,500,180,590,33804.09236,3.430547984,219.5926488,13.72219194,24.38537375,2.503766,101.4,2.363167213,5K-0X,FGM,5.0,0.0,10.0,True,,,,2
7K-0X,7,0%,,,,,,,,3,500,180,590,19365.38409,2.488941876,125.7982596,9.955767504,9.116885047,2.532147,113.2,2.36740071,7K-0X,FGM,7.0,0.0,15.0,True,,,,2
3K-1x,3,1%,,,,,,,,3,500,180,590,58854.59976,8.101223564,382.3216822,32.40489426,88.7060351,2.496903,108.2,2.432046696,3K-1x,FGM,3.0,1.0,5.0,True,,,,2
5K-1x,5,1%,,,,,,,,3,500,180,590,54716.16987,7.499300575,355.4382868,29.9972023,73.92527942,2.600825,111.4,2.413270864,5K-1x,FGM,5.0,1.0,10.0,True,,,,2
7K-1x,7,1%,,,,,,,,3,500,180,590,46829.3197,4.72480545,304.205013,18.8992218,44.38813004,2.551953,133.8,2.367911649,7K-1x,FGM,7.0,1.0,15.0,True,,,,2
3K-3x,3,3%,,,,,,,,3,500,180,590,64875.54117,8.716331355,421.4339429,34.86532542,96.91039223,2.641093,105.4,2.43265541,3K-3x,FGM,3.0,3.0,5.0,True,,,,2
5K-3x,5,3%,,,,,,,,3,500,180,590,57204.4387,6.619223785,371.6021743,26.47689514,71.10952946,2.640667,122.6,2.426056808,5K-3x,FGM,5.0,3.0,10.0,True,,,,2
7K-3x,7,3%,,,,,,,,3,500,180,590,48732.64495,4.917630784,316.569085,19.67052313,45.64105655,2.678361,132.6,2.416027133,7K-3x,FGM,7.0,3.0,15.0,True,,,,2
3K-5x,3,5%,,,,,,,,3,500,180,590,63642.17921,8.477202892,413.4219775,33.90881157,99.75771996,2.580302,107.2,2.448554787,3K-5x,FGM,3.0,5.0,5.0,True,,,,2
5K-5x,5,5%,,,,,,,,3,500,180,590,51855.68858,7.478703817,336.8564933,29.91481527,75.22545993,2.562734,113.4,2.423740041,5K-5x,FGM,5.0,5.0,10.0,True,,,,2
7K-5x,7,5%,,,,,,,,3,500,180,590,34634.39451,5.922485113,224.9863227,23.68994045,42.22613938,2.576552,124.8,2.420064939,7K-5x,FGM,7.0,5.0,15.0,True,,,,2
13a-1a,3,0%,,,,,,,,1,300,60,550,15989.35056,2.96957,103.8687421,11.87828,8.333300589,2.5187,100.0,,13A-1A,Taguchi,3.0,0.0,,False,,,,1
15a-1a,5,0%,,,,,,,,1,300,60,550,12039.13387,2.38302,78.20765994,9.53208,4.792851687,2.57501,87.0,,15A-1A,Taguchi,5.0,0.0,,False,,,,1
17a-1a,7,0%,,,,,,,,1,300,60,550,11028.26439,1.5649,71.64093035,6.2596,3.077323097,2.5348,93.33333333,,17A-1A,Taguchi,7.0,0.0,,False,,,,1
23a-2b,3,0%,,,,,,,,2,300,120,570,23391.60611,2.94501,151.9546834,11.78004,9.333680702,2.44764,116.6666667,,23A-2B,Taguchi,3.0,0.0,,False,,,,1
25a-2b,5,0%,,,,,,,,2,300,120,570,27291.61275,3.56425,177.2895951,10.73036,9.4178324,2.53337,105.6666667,,25A-2B,Taguchi,5.0,0.0,,False,,,,1
27a-2b,7,0%,,,,,,,,2,300,120,570,21968.6612,1.67578,142.7110623,6.70312,5.930789769,2.42507,89.0,,27A-2B,Taguchi,7.0,0.0,,False,,,,1
33a-3c,3,0%,,,,,,,,3,300,180,590,40850.28704,13.23004,265.3683721,52.92016,104.4037338,2.4892,134.0,,33A-3C,Taguchi,3.0,0.0,,False,,,,1
35a-3c,5,0%,,,,,,,,3,300,180,590,30706.28828,5.74458,199.4717375,22.97832,32.84842231,2.4693,114.6666667,,35A-3C,Taguchi,5.0,0.0,,False,,,,1
37a-3c,7,0%,,,,,,,,3,300,180,590,34027.80064,11.68832,221.0486808,46.75328,82.25775592,2.46901,146.6666667,,37A-3C,Taguchi,7.0,0.0,,False,,,,1
33b-2a,3,0%,,,,,,,,3,400,120,550,51097.54983,12.61486,331.9358222,50.45944,106.9914403,2.62423,156.5,,33B-2A,Taguchi,3.0,0.0,,False,,,,1
35b-2a,5,0%,,,,,,,,3,400,120,550,47668.65465,12.42366,309.6613072,49.69464,97.35360431,2.57967,159.5,,35B-2A,Taguchi,5.0,0.0,,False,,,,1
37b-2a,7,0%,,,,,,,,3,400,120,550,40470.27935,12.21502,262.8997965,48.86008,92.32423058,2.51576,170.0,,37B-2A,Taguchi,7.0,0.0,,False,,,,1
13b-3b,3,0%,,,,,,,,1,400,180,570,29520.76236,7.6216,191.7704187,30.4864,46.84973028,2.5574,119.6666667,,13B-3B,Taguchi,3.0,0.0,,False,,,,1
15b-3b,5,0%,,,,,,,,1,400,180,570,28744.46795,6.94062,186.727517,27.76248,41.29441443,2.5702,93.66666667,,15B-3B,Taguchi,5.0,0.0,,False,,,,1
17b-3b,7,0%,,,,,,,,1,400,180,570,19248.39455,3.815,125.0398834,15.26,13.20483102,2.5129,116.5,,17B-3B,Taguchi,7.0,0.0,,False,,,,1
23b-1c,3,0%,,,,,,,,2,400,60,590,35526.25676,10.34542,230.7828318,41.38168,72.29277513,2.5894,138.6666667,,23B-1C,Taguchi,3.0,0.0,,False,,,,1
25b1c,5,0%,,,,,,,,2,400,60,590,30399.83047,2.94308,197.4809508,11.77232,13.26696426,2.5121,106.3333333,,25B-1C,Taguchi,5.0,0.0,,False,,,,1
27b-1c,7,0%,,,,,,,,2,400,60,590,29432.69865,2.47494,191.1983463,9.89976,7.779924976,2.6235,101.6666667,,27B-1C,Taguchi,7.0,0.0,,False,,,,1
23c-3a,3,0%,,,,,,,,2,500,180,550,52203.34768,12.01966,339.1192179,48.07864,96.6693942,2.6957,113.5,,23C-3A,Taguchi,3.0,0.0,,False,,,,1
25c-3a,5,0%,,,,,,,,2,500,180,550,51777.15067,11.23056,336.3505909,44.92224,89.41167998,2.6923,141.5,,25C-3A,Taguchi,5.0,0.0,,False,,,,1
27c-3a,7,0%,,,,,,,,2,500,180,550,44281.63388,12.272,287.6588134,49.088,90.734911,2.5592,133.0,,27C-3A,Taguchi,7.0,0.0,,False,,,,1
33c-1b,3,0%,,,,,,,,3,500,60,570,33691.23641,9.42304,218.8623192,37.69216,66.85918849,2.56204,126.3333333,,33C-1B,Taguchi,3.0,0.0,,False,,,,1
35c-1b,5,0%,,,,,,,,3,500,60,570,32945.53874,9.61513,214.0181775,38.46052,73.19996582,2.50794,128.6666667,,35C-1B,Taguchi,5.0,0.0,,False,,,,1
37c-1b,7,0%,,,,,,,,3,500,60,570,29997.07135,4.72665,194.8645792,18.9066,28.66728046,2.60204,108.3333333,,37C-1B,Taguchi,7.0,0.0,,False,,,,1
13c-2c,3,0%,,,,,,,,1,500,120,590,38669.28808,9.75372,251.2003409,39.01488,74.20931436,2.42888,115.5,,13C-2C,Taguchi,3.0,0.0,,False,,,,1
15c-2c,5,0%,,,,,,,,1,500,120,590,36875.45566,9.66473,239.54739,38.65892,72.33104787,2.48576,102.3333333,,15C-2C,Taguchi,5.0,0.0,,False,,,,1
17c-2c,7,0%,,,,,,,,1,500,120,590,29466.13932,3.17147,191.4155809,12.68588,15.09549884,2.40698,127.6666667,,17C-2C,Taguchi,7.0,0.0,,False,,,,1
