Pressure_MPa,Sinter_Temp_C,Sinter_Time_min,MA_Time_h,Layer_Count_from_code,Mxene_Rate_from_code,Is_FGM,Layer1_B4C_Rate,Layer2_B4C_Rate,Layer3_B4C_Rate,Layer4_B4C_Rate,Layer5_B4C_Rate,Layer6_B4C_Rate,Layer7_B4C_Rate,Green_Density_g_cm3,Temp_dev,Temp_dev_sq,Time_dev,Time_dev_sq,Press_dev,Press_dev_sq,High_MXene_flag,High_MXene_flag_x_Pressure,High_MXene_flag_x_LayerComplexity,High_MXene_flag_x_Gradient,Density_hat_g_cm3,Max_Compressive_Strength_MPa,Hardness_HB,Sintered_Density_g_cm3,Toughness_MJ_m3,Sample_Code,Phase,sample_weight
500,590,180,3,1.0,0.0,0,,,,,,,,2.390362714,40.0,1600.0,60.0,3600.0,100.0,10000.0,0,0,0.0,0.0,2.500253023316467,138.5414304,81.4,2.265332,12.39291523,1K SAF,2,1.0
500,590,180,3,1.0,0.0,0,,,,,,,,2.407777079,40.0,1600.0,60.0,3600.0,100.0,10000.0,0,0,0.0,0.0,2.4614987724295596,204.8893776,99.2,2.5026755,21.11424116,1K 5B,2,1.0
500,590,180,3,1.0,0.0,0,,,,,,,,2.37404468,40.0,1600.0,60.0,3600.0,100.0,10000.0,0,0,0.0,0.0,2.4257037555396774,203.3409777,103.4,2.498554,19.98255463,1K 10B,2,1.0
500,590,180,3,1.0,0.0,0,,,,,,,,2.358154853,40.0,1600.0,60.0,3600.0,100.0,10000.0,0,0,0.0,0.0,2.4672557847220857,217.535203,98.8,2.432014,17.30912075,1K 15B,2,1.0
500,590,180,3,3.0,0.0,1,,,,,,,,2.321709867,40.0,1600.0,60.0,3600.0,100.0,10000.0,0,0,,,2.493938210199902,305.4275936,104.2,2.467797,33.18963161,3K-0X,2,1.0
500,590,180,3,5.0,0.0,1,,,,,,,,2.363167213,40.0,1600.0,60.0,3600.0,100.0,10000.0,0,0,,,2.5120525897698407,219.5926488,101.4,2.503766,24.38537375,5K-0X,2,1.0
500,590,180,3,7.0,0.0,1,,,,,,,,2.36740071,40.0,1600.0,60.0,3600.0,100.0,10000.0,0,0,,,2.5179214294443057,125.7982596,113.2,2.532147,9.116885047,7K-0X,2,1.0
500,590,180,3,3.0,1.0,1,,,,,,,,2.432046696,40.0,1600.0,60.0,3600.0,100.0,10000.0,0,0,,,2.5750847530679546,382.3216822,108.2,2.496903,88.7060351,3K-1x,2,1.0
500,590,180,3,5.0,1.0,1,,,,,,,,2.413270864,40.0,1600.0,60.0,3600.0,100.0,10000.0,0,0,,,2.530642807916666,355.4382868,111.4,2.600825,73.92527942,5K-1x,2,1.0
500,590,180,3,7.0,1.0,1,,,,,,,,2.367911649,40.0,1600.0,60.0,3600.0,100.0,10000.0,0,0,,,2.5301996037410697,304.205013,133.8,2.551953,44.38813004,7K-1x,2,1.0
500,590,180,3,3.0,3.0,1,,,,,,,,2.43265541,40.0,1600.0,60.0,3600.0,100.0,10000.0,1,500,,,2.591415756511406,421.4339429,105.4,2.641093,96.91039223,3K-3x,2,1.0
500,590,180,3,5.0,3.0,1,,,,,,,,2.426056808,40.0,1600.0,60.0,3600.0,100.0,10000.0,1,500,,,2.605438755499996,371.6021743,122.6,2.640667,71.10952946,5K-3x,2,1.0
500,590,180,3,7.0,3.0,1,,,,,,,,2.416027133,40.0,1600.0,60.0,3600.0,100.0,10000.0,1,500,,,2.5905869651815503,316.569085,132.6,2.678361,45.64105655,7K-3x,2,1.0
500,590,180,3,3.0,5.0,1,,,,,,,,2.448554787,40.0,1600.0,60.0,3600.0,100.0,10000.0,1,500,,,2.5982598927678566,413.4219775,107.2,2.580302,99.75771996,3K-5x,2,1.0
500,590,180,3,5.0,5.0,1,,,,,,,,2.423740041,40.0,1600.0,60.0,3600.0,100.0,10000.0,1,500,,,2.6057695653492075,336.8564933,113.4,2.562734,75.22545993,5K-5x,2,1.0
500,590,180,3,7.0,5.0,1,,,,,,,,2.420064939,40.0,1600.0,60.0,3600.0,100.0,10000.0,1,500,,,2.6180974947867055,224.9863227,124.8,2.576552,42.22613938,7K-5x,2,1.0
300,550,60,1,3.0,0.0,0,,,,,,,,,0.0,0.0,-60.0,3600.0,-100.0,10000.0,0,0,0.0,0.0,2.5642078286686485,103.8687421,100.0,2.5187,8.333300589,13a-1a,1,1.0
300,550,60,1,5.0,0.0,0,,,,,,,,,0.0,0.0,-60.0,3600.0,-100.0,10000.0,0,0,0.0,0.0,2.538172140418651,78.20765994,87.0,2.57501,4.792851687,15a-1a,1,1.0
300,550,60,1,7.0,0.0,0,,,,,,,,,0.0,0.0,-60.0,3600.0,-100.0,10000.0,0,0,0.0,0.0,2.5418387707718244,71.64093035,93.33333333,2.5348,3.077323097,17a-1a,1,1.0
300,570,120,2,3.0,0.0,0,,,,,,,,,20.0,400.0,0.0,0.0,-100.0,10000.0,0,0,0.0,0.0,2.5038134737748026,151.9546834,116.6666667,2.44764,9.333680702,23a-2b,1,1.0
300,570,120,2,5.0,0.0,0,,,,,,,,,20.0,400.0,0.0,0.0,-100.0,10000.0,0,0,0.0,0.0,2.4669384011329365,177.2895951,105.6666667,2.53337,9.4178324,25a-2b,1,1.0
300,570,120,2,7.0,0.0,0,,,,,,,,,20.0,400.0,0.0,0.0,-100.0,10000.0,0,0,0.0,0.0,2.5080198683116874,142.7110623,89.0,2.42507,5.930789769,27a-2b,1,1.0
300,590,180,3,3.0,0.0,0,,,,,,,,,40.0,1600.0,60.0,3600.0,-100.0,10000.0,0,0,0.0,0.0,2.478206656635915,265.3683721,134.0,2.4892,104.4037338,33a-3c,1,1.0
300,590,180,3,5.0,0.0,0,,,,,,,,,40.0,1600.0,60.0,3600.0,-100.0,10000.0,0,0,0.0,0.0,2.499339601571607,199.4717375,114.6666667,2.4693,32.84842231,35a-3c,1,1.0
300,590,180,3,7.0,0.0,0,,,,,,,,,40.0,1600.0,60.0,3600.0,-100.0,10000.0,0,0,0.0,0.0,2.4989106960793666,221.0486808,146.6666667,2.46901,82.25775592,37a-3c,1,1.0
400,550,120,3,3.0,0.0,0,,,,,,,,,0.0,0.0,0.0,0.0,0.0,0.0,0,0,0.0,0.0,2.533229408502075,331.9358222,156.5,2.62423,106.9914403,33b-2a,1,1.0
400,550,120,3,5.0,0.0,0,,,,,,,,,0.0,0.0,0.0,0.0,0.0,0.0,0,0,0.0,0.0,2.5465262829464277,309.6613072,159.5,2.57967,97.35360431,35b-2a,1,1.0
400,550,120,3,7.0,0.0,0,,,,,,,,,0.0,0.0,0.0,0.0,0.0,0.0,0,0,0.0,0.0,2.581520233250002,262.8997965,170.0,2.51576,92.32423058,37b-2a,1,1.0
400,570,180,1,3.0,0.0,0,,,,,,,,,20.0,400.0,60.0,3600.0,0.0,0.0,0,0,0.0,0.0,2.532315736885912,191.7704187,119.6666667,2.5574,46.84973028,13b-3b,1,1.0
400,570,180,1,5.0,0.0,0,,,,,,,,,20.0,400.0,60.0,3600.0,0.0,0.0,0,0,0.0,0.0,2.5389951068392866,186.727517,93.66666667,2.5702,41.29441443,15b-3b,1,1.0
400,570,180,1,7.0,0.0,0,,,,,,,,,20.0,400.0,60.0,3600.0,0.0,0.0,0,0,0.0,0.0,2.54147978577381,125.0398834,116.5,2.5129,13.20483102,17b-3b,1,1.0
400,590,60,2,3.0,0.0,0,,,,,,,,,40.0,1600.0,-60.0,3600.0,0.0,0.0,0,0,0.0,0.0,2.54909059569643,230.7828318,138.6666667,2.5894,72.29277513,23b-1c,1,1.0
400,590,60,2,5.0,0.0,0,,,,,,,,,40.0,1600.0,-60.0,3600.0,0.0,0.0,0,0,0.0,0.0,2.5539418497361104,197.4809508,106.3333333,2.5121,13.26696426,25b1c,1,1.0
400,590,60,2,7.0,0.0,0,,,,,,,,,40.0,1600.0,-60.0,3600.0,0.0,0.0,0,0,0.0,0.0,2.5458373439742052,191.1983463,101.6666667,2.6235,7.779924976,27b-1c,1,1.0
500,550,180,2,3.0,0.0,0,,,,,,,,,0.0,0.0,60.0,3600.0,100.0,10000.0,0,0,0.0,0.0,2.5790793008675594,339.1192179,113.5,2.6957,96.6693942,23c-3a,1,1.0
500,550,180,2,5.0,0.0,0,,,,,,,,,0.0,0.0,60.0,3600.0,100.0,10000.0,0,0,0.0,0.0,2.592045319051587,336.3505909,141.5,2.6923,89.41167998,25c-3a,1,1.0
500,550,180,2,7.0,0.0,0,,,,,,,,,0.0,0.0,60.0,3600.0,100.0,10000.0,0,0,0.0,0.0,2.584285410193451,287.6588134,133.0,2.5592,90.734911,27c-3a,1,1.0
500,570,60,3,3.0,0.0,0,,,,,,,,,20.0,400.0,-60.0,3600.0,100.0,10000.0,0,0,0.0,0.0,2.5334604547455384,218.8623192,126.3333333,2.56204,66.85918849,33c-1b,1,1.0
500,570,60,3,5.0,0.0,0,,,,,,,,,20.0,400.0,-60.0,3600.0,100.0,10000.0,0,0,0.0,0.0,2.5847276136527753,214.0181775,128.6666667,2.50794,73.19996582,35c-1b,1,1.0
500,570,60,3,7.0,0.0,0,,,,,,,,,20.0,400.0,-60.0,3600.0,100.0,10000.0,0,0,0.0,0.0,2.5435170343482154,194.8645792,108.3333333,2.60204,28.66728046,37c-1b,1,1.0
500,590,120,1,3.0,0.0,0,,,,,,,,,40.0,1600.0,0.0,0.0,100.0,10000.0,0,0,0.0,0.0,2.484512490979168,251.2003409,115.5,2.42888,74.20931436,13c-2c,1,1.0
500,590,120,1,5.0,0.0,0,,,,,,,,,40.0,1600.0,0.0,0.0,100.0,10000.0,0,0,0.0,0.0,2.4658109257281713,239.54739,102.3333333,2.48576,72.33104787,15c-2c,1,1.0
500,590,120,1,7.0,0.0,0,,,,,,,,,40.0,1600.0,0.0,0.0,100.0,10000.0,0,0,0.0,0.0,2.4997331026894853,191.4155809,127.6666667,2.40698,15.09549884,17c-2c,1,1.0
